[
  {
    "term_de": "Messe",
    "definition_de": "Messe: Begriff aus dem Bereich „Liturgie der Messe“. Kurze Erklärung in einfacher Sprache.",
    "example_de": "Beispiel: Im Gottesdienst hört die Gemeinde die Messe.",
    "category": "Liturgie der Messe"
  },
  {
    "term_de": "Eucharistie",
    "definition_de": "Eucharistie: Begriff aus dem Bereich „Liturgie der Messe“. Kurze Erklärung in einfacher Sprache.",
    "example_de": "Beispiel: Im Gottesdienst hört die Gemeinde die Eucharistie.",
    "category": "Liturgie der Messe"
  },
  {
    "term_de": "Liturgie",
    "definition_de": "Liturgie: Begriff aus dem Bereich „Liturgie der Messe“. Kurze Erklärung in einfacher Sprache.",
    "example_de": "Beispiel: Im Gottesdienst hört die Gemeinde die Liturgie.",
    "category": "Liturgie der Messe"
  },
  {
    "term_de": "Eröffnungslied",
    "definition_de": "Eröffnungslied: Begriff aus dem Bereich „Liturgie der Messe“. Kurze Erklärung in einfacher Sprache.",
    "example_de": "Beispiel: Im Gottesdienst hört die Gemeinde die Eröffnungslied.",
    "category": "Liturgie der Messe"
  },
  {
    "term_de": "Kyrie",
    "definition_de": "Kyrie: Begriff aus dem Bereich „Liturgie der Messe“. Kurze Erklärung in einfacher Sprache.",
    "example_de": "Beispiel: Im Gottesdienst hört die Gemeinde die Kyrie.",
    "category": "Liturgie der Messe"
  },
  {
    "term_de": "Gloria",
    "definition_de": "Gloria: Begriff aus dem Bereich „Liturgie der Messe“. Kurze Erklärung in einfacher Sprache.",
    "example_de": "Beispiel: Im Gottesdienst hört die Gemeinde die Gloria.",
    "category": "Liturgie der Messe"
  },
  {
    "term_de": "Tagesgebet",
    "definition_de": "Tagesgebet: Begriff aus dem Bereich „Liturgie der Messe“. Kurze Erklärung in einfacher Sprache.",
    "example_de": "Beispiel: Im Gottesdienst hört die Gemeinde die Tagesgebet.",
    "category": "Liturgie der Messe"
  },
  {
    "term_de": "Lesung",
    "definition_de": "Lesung: Begriff aus dem Bereich „Liturgie der Messe“. Kurze Erklärung in einfacher Sprache.",
    "example_de": "Beispiel: Im Gottesdienst hört die Gemeinde die Lesung.",
    "category": "Liturgie der Messe"
  },
  {
    "term_de": "Antwortpsalm",
    "definition_de": "Antwortpsalm: Begriff aus dem Bereich „Liturgie der Messe“. Kurze Erklärung in einfacher Sprache.",
    "example_de": "Beispiel: Im Gottesdienst hört die Gemeinde die Antwortpsalm.",
    "category": "Liturgie der Messe"
  },
  {
    "term_de": "Zweites Lesen",
    "definition_de": "Zweites Lesen: Begriff aus dem Bereich „Liturgie der Messe“. Kurze Erklärung in einfacher Sprache.",
    "example_de": "Beispiel: Im Gottesdienst hört die Gemeinde die Zweites Lesen.",
    "category": "Liturgie der Messe"
  },
  {
    "term_de": "Ruf vor dem Evangelium",
    "definition_de": "Ruf vor dem Evangelium: Begriff aus dem Bereich „Liturgie der Messe“. Kurze Erklärung in einfacher Sprache.",
    "example_de": "Beispiel: Im Gottesdienst hört die Gemeinde die Ruf vor dem Evangelium.",
    "category": "Liturgie der Messe"
  },
  {
    "term_de": "Evangelium",
    "definition_de": "Evangelium: Begriff aus dem Bereich „Liturgie der Messe“. Kurze Erklärung in einfacher Sprache.",
    "example_de": "Beispiel: Im Gottesdienst hört die Gemeinde die Evangelium.",
    "category": "Liturgie der Messe"
  },
  {
    "term_de": "Predigt",
    "definition_de": "Predigt: Begriff aus dem Bereich „Liturgie der Messe“. Kurze Erklärung in einfacher Sprache.",
    "example_de": "Beispiel: Im Gottesdienst hört die Gemeinde die Predigt.",
    "category": "Liturgie der Messe"
  },
  {
    "term_de": "Glaubensbekenntnis",
    "definition_de": "Glaubensbekenntnis: Begriff aus dem Bereich „Liturgie der Messe“. Kurze Erklärung in einfacher Sprache.",
    "example_de": "Beispiel: Im Gottesdienst hört die Gemeinde die Glaubensbekenntnis.",
    "category": "Liturgie der Messe"
  },
  {
    "term_de": "Fürbitten",
    "definition_de": "Fürbitten: Begriff aus dem Bereich „Liturgie der Messe“. Kurze Erklärung in einfacher Sprache.",
    "example_de": "Beispiel: Im Gottesdienst hört die Gemeinde die Fürbitten.",
    "category": "Liturgie der Messe"
  },
  {
    "term_de": "Gabenbereitung",
    "definition_de": "Gabenbereitung: Begriff aus dem Bereich „Liturgie der Messe“. Kurze Erklärung in einfacher Sprache.",
    "example_de": "Beispiel: Im Gottesdienst hört die Gemeinde die Gabenbereitung.",
    "category": "Liturgie der Messe"
  },
  {
    "term_de": "Präfation",
    "definition_de": "Präfation: Begriff aus dem Bereich „Liturgie der Messe“. Kurze Erklärung in einfacher Sprache.",
    "example_de": "Beispiel: Im Gottesdienst hört die Gemeinde die Präfation.",
    "category": "Liturgie der Messe"
  },
  {
    "term_de": "Sanctus",
    "definition_de": "Sanctus: Begriff aus dem Bereich „Liturgie der Messe“. Kurze Erklärung in einfacher Sprache.",
    "example_de": "Beispiel: Im Gottesdienst hört die Gemeinde die Sanctus.",
    "category": "Liturgie der Messe"
  },
  {
    "term_de": "Hochgebet",
    "definition_de": "Hochgebet: Begriff aus dem Bereich „Liturgie der Messe“. Kurze Erklärung in einfacher Sprache.",
    "example_de": "Beispiel: Im Gottesdienst hört die Gemeinde die Hochgebet.",
    "category": "Liturgie der Messe"
  },
  {
    "term_de": "Wandlung",
    "definition_de": "Wandlung: Begriff aus dem Bereich „Liturgie der Messe“. Kurze Erklärung in einfacher Sprache.",
    "example_de": "Beispiel: Im Gottesdienst hört die Gemeinde die Wandlung.",
    "category": "Liturgie der Messe"
  },
  {
    "term_de": "Einsetzungsworte",
    "definition_de": "Einsetzungsworte: Begriff aus dem Bereich „Liturgie der Messe“. Kurze Erklärung in einfacher Sprache.",
    "example_de": "Beispiel: Im Gottesdienst hört die Gemeinde die Einsetzungsworte.",
    "category": "Liturgie der Messe"
  },
  {
    "term_de": "Agnus Dei",
    "definition_de": "Agnus Dei: Begriff aus dem Bereich „Liturgie der Messe“. Kurze Erklärung in einfacher Sprache.",
    "example_de": "Beispiel: Im Gottesdienst hört die Gemeinde die Agnus Dei.",
    "category": "Liturgie der Messe"
  },
  {
    "term_de": "Kommunion",
    "definition_de": "Kommunion: Begriff aus dem Bereich „Liturgie der Messe“. Kurze Erklärung in einfacher Sprache.",
    "example_de": "Beispiel: Im Gottesdienst hört die Gemeinde die Kommunion.",
    "category": "Liturgie der Messe"
  },
  {
    "term_de": "Schlussgebet",
    "definition_de": "Schlussgebet: Begriff aus dem Bereich „Liturgie der Messe“. Kurze Erklärung in einfacher Sprache.",
    "example_de": "Beispiel: Im Gottesdienst hört die Gemeinde die Schlussgebet.",
    "category": "Liturgie der Messe"
  },
  {
    "term_de": "Segen",
    "definition_de": "Segen: Begriff aus dem Bereich „Liturgie der Messe“. Kurze Erklärung in einfacher Sprache.",
    "example_de": "Beispiel: Im Gottesdienst hört die Gemeinde die Segen.",
    "category": "Liturgie der Messe"
  },
  {
    "term_de": "Taufe",
    "definition_de": "Taufe: Begriff aus dem Bereich „Sakramente & Riten“. Kurze Erklärung in einfacher Sprache.",
    "example_de": "Beispiel: Im Gottesdienst hört die Gemeinde die Taufe.",
    "category": "Sakramente & Riten"
  },
  {
    "term_de": "Firmung",
    "definition_de": "Firmung: Begriff aus dem Bereich „Sakramente & Riten“. Kurze Erklärung in einfacher Sprache.",
    "example_de": "Beispiel: Im Gottesdienst hört die Gemeinde die Firmung.",
    "category": "Sakramente & Riten"
  },
  {
    "term_de": "Beichte",
    "definition_de": "Beichte: Begriff aus dem Bereich „Sakramente & Riten“. Kurze Erklärung in einfacher Sprache.",
    "example_de": "Beispiel: Im Gottesdienst hört die Gemeinde die Beichte.",
    "category": "Sakramente & Riten"
  },
  {
    "term_de": "Krankensalbung",
    "definition_de": "Krankensalbung: Begriff aus dem Bereich „Sakramente & Riten“. Kurze Erklärung in einfacher Sprache.",
    "example_de": "Beispiel: Im Gottesdienst hört die Gemeinde die Krankensalbung.",
    "category": "Sakramente & Riten"
  },
  {
    "term_de": "Ehe",
    "definition_de": "Ehe: Begriff aus dem Bereich „Sakramente & Riten“. Kurze Erklärung in einfacher Sprache.",
    "example_de": "Beispiel: Im Gottesdienst hört die Gemeinde die Ehe.",
    "category": "Sakramente & Riten"
  },
  {
    "term_de": "Weihe",
    "definition_de": "Weihe: Begriff aus dem Bereich „Sakramente & Riten“. Kurze Erklärung in einfacher Sprache.",
    "example_de": "Beispiel: Im Gottesdienst hört die Gemeinde die Weihe.",
    "category": "Sakramente & Riten"
  },
  {
    "term_de": "Erstkommunion",
    "definition_de": "Erstkommunion: Begriff aus dem Bereich „Sakramente & Riten“. Kurze Erklärung in einfacher Sprache.",
    "example_de": "Beispiel: Im Gottesdienst hört die Gemeinde die Erstkommunion.",
    "category": "Sakramente & Riten"
  },
  {
    "term_de": "Taufbecken",
    "definition_de": "Taufbecken: Begriff aus dem Bereich „Sakramente & Riten“. Kurze Erklärung in einfacher Sprache.",
    "example_de": "Beispiel: Im Gottesdienst hört die Gemeinde die Taufbecken.",
    "category": "Sakramente & Riten"
  },
  {
    "term_de": "Taufwasser",
    "definition_de": "Taufwasser: Begriff aus dem Bereich „Sakramente & Riten“. Kurze Erklärung in einfacher Sprache.",
    "example_de": "Beispiel: Im Gottesdienst hört die Gemeinde die Taufwasser.",
    "category": "Sakramente & Riten"
  },
  {
    "term_de": "Taufkerze",
    "definition_de": "Taufkerze: Begriff aus dem Bereich „Sakramente & Riten“. Kurze Erklärung in einfacher Sprache.",
    "example_de": "Beispiel: Im Gottesdienst hört die Gemeinde die Taufkerze.",
    "category": "Sakramente & Riten"
  },
  {
    "term_de": "Chrisam",
    "definition_de": "Chrisam: Begriff aus dem Bereich „Sakramente & Riten“. Kurze Erklärung in einfacher Sprache.",
    "example_de": "Beispiel: Im Gottesdienst hört die Gemeinde die Chrisam.",
    "category": "Sakramente & Riten"
  },
  {
    "term_de": "Pate",
    "definition_de": "Pate: Begriff aus dem Bereich „Sakramente & Riten“. Kurze Erklärung in einfacher Sprache.",
    "example_de": "Beispiel: Im Gottesdienst hört die Gemeinde die Pate.",
    "category": "Sakramente & Riten"
  },
  {
    "term_de": "Katechumenat",
    "definition_de": "Katechumenat: Begriff aus dem Bereich „Sakramente & Riten“. Kurze Erklärung in einfacher Sprache.",
    "example_de": "Beispiel: Im Gottesdienst hört die Gemeinde die Katechumenat.",
    "category": "Sakramente & Riten"
  },
  {
    "term_de": "Trauversprechen",
    "definition_de": "Trauversprechen: Begriff aus dem Bereich „Sakramente & Riten“. Kurze Erklärung in einfacher Sprache.",
    "example_de": "Beispiel: Im Gottesdienst hört die Gemeinde die Trauversprechen.",
    "category": "Sakramente & Riten"
  },
  {
    "term_de": "Eheringe",
    "definition_de": "Eheringe: Begriff aus dem Bereich „Sakramente & Riten“. Kurze Erklärung in einfacher Sprache.",
    "example_de": "Beispiel: Im Gottesdienst hört die Gemeinde die Eheringe.",
    "category": "Sakramente & Riten"
  },
  {
    "term_de": "Öl der Kranken",
    "definition_de": "Öl der Kranken: Begriff aus dem Bereich „Sakramente & Riten“. Kurze Erklärung in einfacher Sprache.",
    "example_de": "Beispiel: Im Gottesdienst hört die Gemeinde die Öl der Kranken.",
    "category": "Sakramente & Riten"
  },
  {
    "term_de": "Taufkleid",
    "definition_de": "Taufkleid: Begriff aus dem Bereich „Sakramente & Riten“. Kurze Erklärung in einfacher Sprache.",
    "example_de": "Beispiel: Im Gottesdienst hört die Gemeinde die Taufkleid.",
    "category": "Sakramente & Riten"
  },
  {
    "term_de": "Palmweihe",
    "definition_de": "Palmweihe: Begriff aus dem Bereich „Sakramente & Riten“. Kurze Erklärung in einfacher Sprache.",
    "example_de": "Beispiel: Im Gottesdienst hört die Gemeinde die Palmweihe.",
    "category": "Sakramente & Riten"
  },
  {
    "term_de": "Aschenkreuz",
    "definition_de": "Aschenkreuz: Begriff aus dem Bereich „Sakramente & Riten“. Kurze Erklärung in einfacher Sprache.",
    "example_de": "Beispiel: Im Gottesdienst hört die Gemeinde die Aschenkreuz.",
    "category": "Sakramente & Riten"
  },
  {
    "term_de": "Osterfeuer",
    "definition_de": "Osterfeuer: Begriff aus dem Bereich „Sakramente & Riten“. Kurze Erklärung in einfacher Sprache.",
    "example_de": "Beispiel: Im Gottesdienst hört die Gemeinde die Osterfeuer.",
    "category": "Sakramente & Riten"
  },
  {
    "term_de": "Osterkerze",
    "definition_de": "Osterkerze: Begriff aus dem Bereich „Sakramente & Riten“. Kurze Erklärung in einfacher Sprache.",
    "example_de": "Beispiel: Im Gottesdienst hört die Gemeinde die Osterkerze.",
    "category": "Sakramente & Riten"
  },
  {
    "term_de": "Fronleichnamsprozession",
    "definition_de": "Fronleichnamsprozession: Begriff aus dem Bereich „Sakramente & Riten“. Kurze Erklärung in einfacher Sprache.",
    "example_de": "Beispiel: Im Gottesdienst hört die Gemeinde die Fronleichnamsprozession.",
    "category": "Sakramente & Riten"
  },
  {
    "term_de": "Exposition",
    "definition_de": "Exposition: Begriff aus dem Bereich „Sakramente & Riten“. Kurze Erklärung in einfacher Sprache.",
    "example_de": "Beispiel: Im Gottesdienst hört die Gemeinde die Exposition.",
    "category": "Sakramente & Riten"
  },
  {
    "term_de": "Sakramentaler Segen",
    "definition_de": "Sakramentaler Segen: Begriff aus dem Bereich „Sakramente & Riten“. Kurze Erklärung in einfacher Sprache.",
    "example_de": "Beispiel: Im Gottesdienst hört die Gemeinde die Sakramentaler Segen.",
    "category": "Sakramente & Riten"
  },
  {
    "term_de": "Aussetzung",
    "definition_de": "Aussetzung: Begriff aus dem Bereich „Sakramente & Riten“. Kurze Erklärung in einfacher Sprache.",
    "example_de": "Beispiel: Im Gottesdienst hört die Gemeinde die Aussetzung.",
    "category": "Sakramente & Riten"
  },
  {
    "term_de": "Kirchenschiff",
    "definition_de": "Kirchenschiff: Begriff aus dem Bereich „Räume & Orte“. Kurze Erklärung in einfacher Sprache.",
    "example_de": "Beispiel: Die Jugendlichen treffen sich im Kirchenschiff.",
    "category": "Räume & Orte"
  },
  {
    "term_de": "Altarraum",
    "definition_de": "Altarraum: Begriff aus dem Bereich „Räume & Orte“. Kurze Erklärung in einfacher Sprache.",
    "example_de": "Beispiel: Die Jugendlichen treffen sich im Altarraum.",
    "category": "Räume & Orte"
  },
  {
    "term_de": "Chorraum",
    "definition_de": "Chorraum: Begriff aus dem Bereich „Räume & Orte“. Kurze Erklärung in einfacher Sprache.",
    "example_de": "Beispiel: Die Jugendlichen treffen sich im Chorraum.",
    "category": "Räume & Orte"
  },
  {
    "term_de": "Sakristei",
    "definition_de": "Sakristei: Begriff aus dem Bereich „Räume & Orte“. Kurze Erklärung in einfacher Sprache.",
    "example_de": "Beispiel: Die Jugendlichen treffen sich im Sakristei.",
    "category": "Räume & Orte"
  },
  {
    "term_de": "Tabernakel",
    "definition_de": "Tabernakel: Begriff aus dem Bereich „Räume & Orte“. Kurze Erklärung in einfacher Sprache.",
    "example_de": "Beispiel: Die Jugendlichen treffen sich im Tabernakel.",
    "category": "Räume & Orte"
  },
  {
    "term_de": "Ambo",
    "definition_de": "Ambo: Begriff aus dem Bereich „Räume & Orte“. Kurze Erklärung in einfacher Sprache.",
    "example_de": "Beispiel: Die Jugendlichen treffen sich im Ambo.",
    "category": "Räume & Orte"
  },
  {
    "term_de": "Altar",
    "definition_de": "Altar: Begriff aus dem Bereich „Räume & Orte“. Kurze Erklärung in einfacher Sprache.",
    "example_de": "Beispiel: Die Jugendlichen treffen sich im Altar.",
    "category": "Räume & Orte"
  },
  {
    "term_de": "Beichtstuhl",
    "definition_de": "Beichtstuhl: Begriff aus dem Bereich „Räume & Orte“. Kurze Erklärung in einfacher Sprache.",
    "example_de": "Beispiel: Die Jugendlichen treffen sich im Beichtstuhl.",
    "category": "Räume & Orte"
  },
  {
    "term_de": "Empore",
    "definition_de": "Empore: Begriff aus dem Bereich „Räume & Orte“. Kurze Erklärung in einfacher Sprache.",
    "example_de": "Beispiel: Die Jugendlichen treffen sich im Empore.",
    "category": "Räume & Orte"
  },
  {
    "term_de": "Kanzel",
    "definition_de": "Kanzel: Begriff aus dem Bereich „Räume & Orte“. Kurze Erklärung in einfacher Sprache.",
    "example_de": "Beispiel: Die Jugendlichen treffen sich im Kanzel.",
    "category": "Räume & Orte"
  },
  {
    "term_de": "Vorhalle",
    "definition_de": "Vorhalle: Begriff aus dem Bereich „Räume & Orte“. Kurze Erklärung in einfacher Sprache.",
    "example_de": "Beispiel: Die Jugendlichen treffen sich im Vorhalle.",
    "category": "Räume & Orte"
  },
  {
    "term_de": "Seitenschiff",
    "definition_de": "Seitenschiff: Begriff aus dem Bereich „Räume & Orte“. Kurze Erklärung in einfacher Sprache.",
    "example_de": "Beispiel: Die Jugendlichen treffen sich im Seitenschiff.",
    "category": "Räume & Orte"
  },
  {
    "term_de": "Taufkapelle",
    "definition_de": "Taufkapelle: Begriff aus dem Bereich „Räume & Orte“. Kurze Erklärung in einfacher Sprache.",
    "example_de": "Beispiel: Die Jugendlichen treffen sich im Taufkapelle.",
    "category": "Räume & Orte"
  },
  {
    "term_de": "Sakramentskapelle",
    "definition_de": "Sakramentskapelle: Begriff aus dem Bereich „Räume & Orte“. Kurze Erklärung in einfacher Sprache.",
    "example_de": "Beispiel: Die Jugendlichen treffen sich im Sakramentskapelle.",
    "category": "Räume & Orte"
  },
  {
    "term_de": "Kapelle",
    "definition_de": "Kapelle: Begriff aus dem Bereich „Räume & Orte“. Kurze Erklärung in einfacher Sprache.",
    "example_de": "Beispiel: Die Jugendlichen treffen sich im Kapelle.",
    "category": "Räume & Orte"
  },
  {
    "term_de": "Pfarrheim",
    "definition_de": "Pfarrheim: Begriff aus dem Bereich „Räume & Orte“. Kurze Erklärung in einfacher Sprache.",
    "example_de": "Beispiel: Die Jugendlichen treffen sich im Pfarrheim.",
    "category": "Räume & Orte"
  },
  {
    "term_de": "Pfarrbüro",
    "definition_de": "Pfarrbüro: Begriff aus dem Bereich „Räume & Orte“. Kurze Erklärung in einfacher Sprache.",
    "example_de": "Beispiel: Die Jugendlichen treffen sich im Pfarrbüro.",
    "category": "Räume & Orte"
  },
  {
    "term_de": "Pfarrhaus",
    "definition_de": "Pfarrhaus: Begriff aus dem Bereich „Räume & Orte“. Kurze Erklärung in einfacher Sprache.",
    "example_de": "Beispiel: Die Jugendlichen treffen sich im Pfarrhaus.",
    "category": "Räume & Orte"
  },
  {
    "term_de": "Friedhof",
    "definition_de": "Friedhof: Begriff aus dem Bereich „Räume & Orte“. Kurze Erklärung in einfacher Sprache.",
    "example_de": "Beispiel: Die Jugendlichen treffen sich im Friedhof.",
    "category": "Räume & Orte"
  },
  {
    "term_de": "Grab",
    "definition_de": "Grab: Begriff aus dem Bereich „Räume & Orte“. Kurze Erklärung in einfacher Sprache.",
    "example_de": "Beispiel: Die Jugendlichen treffen sich im Grab.",
    "category": "Räume & Orte"
  },
  {
    "term_de": "Kolumbarium",
    "definition_de": "Kolumbarium: Begriff aus dem Bereich „Räume & Orte“. Kurze Erklärung in einfacher Sprache.",
    "example_de": "Beispiel: Die Jugendlichen treffen sich im Kolumbarium.",
    "category": "Räume & Orte"
  },
  {
    "term_de": "Marienkapelle",
    "definition_de": "Marienkapelle: Begriff aus dem Bereich „Räume & Orte“. Kurze Erklärung in einfacher Sprache.",
    "example_de": "Beispiel: Die Jugendlichen treffen sich im Marienkapelle.",
    "category": "Räume & Orte"
  },
  {
    "term_de": "Kreuzweg",
    "definition_de": "Kreuzweg: Begriff aus dem Bereich „Räume & Orte“. Kurze Erklärung in einfacher Sprache.",
    "example_de": "Beispiel: Die Jugendlichen treffen sich im Kreuzweg.",
    "category": "Räume & Orte"
  },
  {
    "term_de": "Seitenaltar",
    "definition_de": "Seitenaltar: Begriff aus dem Bereich „Räume & Orte“. Kurze Erklärung in einfacher Sprache.",
    "example_de": "Beispiel: Die Jugendlichen treffen sich im Seitenaltar.",
    "category": "Räume & Orte"
  },
  {
    "term_de": "Orgelbühne",
    "definition_de": "Orgelbühne: Begriff aus dem Bereich „Räume & Orte“. Kurze Erklärung in einfacher Sprache.",
    "example_de": "Beispiel: Die Jugendlichen treffen sich im Orgelbühne.",
    "category": "Räume & Orte"
  },
  {
    "term_de": "Albe",
    "definition_de": "Albe: Begriff aus dem Bereich „Paramente & Kleidung“. Kurze Erklärung in einfacher Sprache.",
    "example_de": "Beispiel: Zur Messe trägt der Priester die Albe.",
    "category": "Paramente & Kleidung"
  },
  {
    "term_de": "Zingulum",
    "definition_de": "Zingulum: Begriff aus dem Bereich „Paramente & Kleidung“. Kurze Erklärung in einfacher Sprache.",
    "example_de": "Beispiel: Zur Messe trägt der Priester die Zingulum.",
    "category": "Paramente & Kleidung"
  },
  {
    "term_de": "Stola",
    "definition_de": "Stola: Begriff aus dem Bereich „Paramente & Kleidung“. Kurze Erklärung in einfacher Sprache.",
    "example_de": "Beispiel: Zur Messe trägt der Priester die Stola.",
    "category": "Paramente & Kleidung"
  },
  {
    "term_de": "Kasel",
    "definition_de": "Kasel: Begriff aus dem Bereich „Paramente & Kleidung“. Kurze Erklärung in einfacher Sprache.",
    "example_de": "Beispiel: Zur Messe trägt der Priester die Kasel.",
    "category": "Paramente & Kleidung"
  },
  {
    "term_de": "Chormantel",
    "definition_de": "Chormantel: Begriff aus dem Bereich „Paramente & Kleidung“. Kurze Erklärung in einfacher Sprache.",
    "example_de": "Beispiel: Zur Messe trägt der Priester die Chormantel.",
    "category": "Paramente & Kleidung"
  },
  {
    "term_de": "Dalmatik",
    "definition_de": "Dalmatik: Begriff aus dem Bereich „Paramente & Kleidung“. Kurze Erklärung in einfacher Sprache.",
    "example_de": "Beispiel: Zur Messe trägt der Priester die Dalmatik.",
    "category": "Paramente & Kleidung"
  },
  {
    "term_de": "Mitra",
    "definition_de": "Mitra: Begriff aus dem Bereich „Paramente & Kleidung“. Kurze Erklärung in einfacher Sprache.",
    "example_de": "Beispiel: Zur Messe trägt der Priester die Mitra.",
    "category": "Paramente & Kleidung"
  },
  {
    "term_de": "Birett",
    "definition_de": "Birett: Begriff aus dem Bereich „Paramente & Kleidung“. Kurze Erklärung in einfacher Sprache.",
    "example_de": "Beispiel: Zur Messe trägt der Priester die Birett.",
    "category": "Paramente & Kleidung"
  },
  {
    "term_de": "Rochett",
    "definition_de": "Rochett: Begriff aus dem Bereich „Paramente & Kleidung“. Kurze Erklärung in einfacher Sprache.",
    "example_de": "Beispiel: Zur Messe trägt der Priester die Rochett.",
    "category": "Paramente & Kleidung"
  },
  {
    "term_de": "Chorhemd",
    "definition_de": "Chorhemd: Begriff aus dem Bereich „Paramente & Kleidung“. Kurze Erklärung in einfacher Sprache.",
    "example_de": "Beispiel: Zur Messe trägt der Priester die Chorhemd.",
    "category": "Paramente & Kleidung"
  },
  {
    "term_de": "Amikt",
    "definition_de": "Amikt: Begriff aus dem Bereich „Paramente & Kleidung“. Kurze Erklärung in einfacher Sprache.",
    "example_de": "Beispiel: Zur Messe trägt der Priester die Amikt.",
    "category": "Paramente & Kleidung"
  },
  {
    "term_de": "Manipel",
    "definition_de": "Manipel: Begriff aus dem Bereich „Paramente & Kleidung“. Kurze Erklärung in einfacher Sprache.",
    "example_de": "Beispiel: Zur Messe trägt der Priester die Manipel.",
    "category": "Paramente & Kleidung"
  },
  {
    "term_de": "Zingulumband",
    "definition_de": "Zingulumband: Begriff aus dem Bereich „Paramente & Kleidung“. Kurze Erklärung in einfacher Sprache.",
    "example_de": "Beispiel: Zur Messe trägt der Priester die Zingulumband.",
    "category": "Paramente & Kleidung"
  },
  {
    "term_de": "Kollar",
    "definition_de": "Kollar: Begriff aus dem Bereich „Paramente & Kleidung“. Kurze Erklärung in einfacher Sprache.",
    "example_de": "Beispiel: Zur Messe trägt der Priester die Kollar.",
    "category": "Paramente & Kleidung"
  },
  {
    "term_de": "Talar",
    "definition_de": "Talar: Begriff aus dem Bereich „Paramente & Kleidung“. Kurze Erklärung in einfacher Sprache.",
    "example_de": "Beispiel: Zur Messe trägt der Priester die Talar.",
    "category": "Paramente & Kleidung"
  },
  {
    "term_de": "Zingulumknoten",
    "definition_de": "Zingulumknoten: Begriff aus dem Bereich „Paramente & Kleidung“. Kurze Erklärung in einfacher Sprache.",
    "example_de": "Beispiel: Zur Messe trägt der Priester die Zingulumknoten.",
    "category": "Paramente & Kleidung"
  },
  {
    "term_de": "Pallium",
    "definition_de": "Pallium: Begriff aus dem Bereich „Paramente & Kleidung“. Kurze Erklärung in einfacher Sprache.",
    "example_de": "Beispiel: Zur Messe trägt der Priester die Pallium.",
    "category": "Paramente & Kleidung"
  },
  {
    "term_de": "Sandalen",
    "definition_de": "Sandalen: Begriff aus dem Bereich „Paramente & Kleidung“. Kurze Erklärung in einfacher Sprache.",
    "example_de": "Beispiel: Zur Messe trägt der Priester die Sandalen.",
    "category": "Paramente & Kleidung"
  },
  {
    "term_de": "Mozzetta",
    "definition_de": "Mozzetta: Begriff aus dem Bereich „Paramente & Kleidung“. Kurze Erklärung in einfacher Sprache.",
    "example_de": "Beispiel: Zur Messe trägt der Priester die Mozzetta.",
    "category": "Paramente & Kleidung"
  },
  {
    "term_de": "Saturno",
    "definition_de": "Saturno: Begriff aus dem Bereich „Paramente & Kleidung“. Kurze Erklärung in einfacher Sprache.",
    "example_de": "Beispiel: Zur Messe trägt der Priester die Saturno.",
    "category": "Paramente & Kleidung"
  },
  {
    "term_de": "Pektorale",
    "definition_de": "Pektorale: Begriff aus dem Bereich „Paramente & Kleidung“. Kurze Erklärung in einfacher Sprache.",
    "example_de": "Beispiel: Zur Messe trägt der Priester die Pektorale.",
    "category": "Paramente & Kleidung"
  },
  {
    "term_de": "Ring des Bischofs",
    "definition_de": "Ring des Bischofs: Begriff aus dem Bereich „Paramente & Kleidung“. Kurze Erklärung in einfacher Sprache.",
    "example_de": "Beispiel: Zur Messe trägt der Priester die Ring des Bischofs.",
    "category": "Paramente & Kleidung"
  },
  {
    "term_de": "Cingulum",
    "definition_de": "Cingulum: Begriff aus dem Bereich „Paramente & Kleidung“. Kurze Erklärung in einfacher Sprache.",
    "example_de": "Beispiel: Zur Messe trägt der Priester die Cingulum.",
    "category": "Paramente & Kleidung"
  },
  {
    "term_de": "Kapitelskreuz",
    "definition_de": "Kapitelskreuz: Begriff aus dem Bereich „Paramente & Kleidung“. Kurze Erklärung in einfacher Sprache.",
    "example_de": "Beispiel: Zur Messe trägt der Priester die Kapitelskreuz.",
    "category": "Paramente & Kleidung"
  },
  {
    "term_de": "Skapulier",
    "definition_de": "Skapulier: Begriff aus dem Bereich „Paramente & Kleidung“. Kurze Erklärung in einfacher Sprache.",
    "example_de": "Beispiel: Zur Messe trägt der Priester die Skapulier.",
    "category": "Paramente & Kleidung"
  },
  {
    "term_de": "Kelch",
    "definition_de": "Kelch: Begriff aus dem Bereich „Gefäße & Geräte“. Kurze Erklärung in einfacher Sprache.",
    "example_de": "Beispiel: Der Priester legt die Hostien in das Kelch.",
    "category": "Gefäße & Geräte"
  },
  {
    "term_de": "Patene",
    "definition_de": "Patene: Begriff aus dem Bereich „Gefäße & Geräte“. Kurze Erklärung in einfacher Sprache.",
    "example_de": "Beispiel: Der Priester legt die Hostien in das Patene.",
    "category": "Gefäße & Geräte"
  },
  {
    "term_de": "Ziborium",
    "definition_de": "Ziborium: Begriff aus dem Bereich „Gefäße & Geräte“. Kurze Erklärung in einfacher Sprache.",
    "example_de": "Beispiel: Der Priester legt die Hostien in das Ziborium.",
    "category": "Gefäße & Geräte"
  },
  {
    "term_de": "Monstranz",
    "definition_de": "Monstranz: Begriff aus dem Bereich „Gefäße & Geräte“. Kurze Erklärung in einfacher Sprache.",
    "example_de": "Beispiel: Der Priester legt die Hostien in das Monstranz.",
    "category": "Gefäße & Geräte"
  },
  {
    "term_de": "Pyxis",
    "definition_de": "Pyxis: Begriff aus dem Bereich „Gefäße & Geräte“. Kurze Erklärung in einfacher Sprache.",
    "example_de": "Beispiel: Der Priester legt die Hostien in das Pyxis.",
    "category": "Gefäße & Geräte"
  },
  {
    "term_de": "Korporale",
    "definition_de": "Korporale: Begriff aus dem Bereich „Gefäße & Geräte“. Kurze Erklärung in einfacher Sprache.",
    "example_de": "Beispiel: Der Priester legt die Hostien in das Korporale.",
    "category": "Gefäße & Geräte"
  },
  {
    "term_de": "Palla",
    "definition_de": "Palla: Begriff aus dem Bereich „Gefäße & Geräte“. Kurze Erklärung in einfacher Sprache.",
    "example_de": "Beispiel: Der Priester legt die Hostien in das Palla.",
    "category": "Gefäße & Geräte"
  },
  {
    "term_de": "Kelchvelum",
    "definition_de": "Kelchvelum: Begriff aus dem Bereich „Gefäße & Geräte“. Kurze Erklärung in einfacher Sprache.",
    "example_de": "Beispiel: Der Priester legt die Hostien in das Kelchvelum.",
    "category": "Gefäße & Geräte"
  },
  {
    "term_de": "Altartuch",
    "definition_de": "Altartuch: Begriff aus dem Bereich „Gefäße & Geräte“. Kurze Erklärung in einfacher Sprache.",
    "example_de": "Beispiel: Der Priester legt die Hostien in das Altartuch.",
    "category": "Gefäße & Geräte"
  },
  {
    "term_de": "Weihrauchfass",
    "definition_de": "Weihrauchfass: Begriff aus dem Bereich „Gefäße & Geräte“. Kurze Erklärung in einfacher Sprache.",
    "example_de": "Beispiel: Der Priester legt die Hostien in das Weihrauchfass.",
    "category": "Gefäße & Geräte"
  },
  {
    "term_de": "Weihrauchschiffchen",
    "definition_de": "Weihrauchschiffchen: Begriff aus dem Bereich „Gefäße & Geräte“. Kurze Erklärung in einfacher Sprache.",
    "example_de": "Beispiel: Der Priester legt die Hostien in das Weihrauchschiffchen.",
    "category": "Gefäße & Geräte"
  },
  {
    "term_de": "Weihwasserbecken",
    "definition_de": "Weihwasserbecken: Begriff aus dem Bereich „Gefäße & Geräte“. Kurze Erklärung in einfacher Sprache.",
    "example_de": "Beispiel: Der Priester legt die Hostien in das Weihwasserbecken.",
    "category": "Gefäße & Geräte"
  },
  {
    "term_de": "Aspergill",
    "definition_de": "Aspergill: Begriff aus dem Bereich „Gefäße & Geräte“. Kurze Erklärung in einfacher Sprache.",
    "example_de": "Beispiel: Der Priester legt die Hostien in das Aspergill.",
    "category": "Gefäße & Geräte"
  },
  {
    "term_de": "Lavaboschale",
    "definition_de": "Lavaboschale: Begriff aus dem Bereich „Gefäße & Geräte“. Kurze Erklärung in einfacher Sprache.",
    "example_de": "Beispiel: Der Priester legt die Hostien in das Lavaboschale.",
    "category": "Gefäße & Geräte"
  },
  {
    "term_de": "Kännchen",
    "definition_de": "Kännchen: Begriff aus dem Bereich „Gefäße & Geräte“. Kurze Erklärung in einfacher Sprache.",
    "example_de": "Beispiel: Der Priester legt die Hostien in das Kännchen.",
    "category": "Gefäße & Geräte"
  },
  {
    "term_de": "Hostienschale",
    "definition_de": "Hostienschale: Begriff aus dem Bereich „Gefäße & Geräte“. Kurze Erklärung in einfacher Sprache.",
    "example_de": "Beispiel: Der Priester legt die Hostien in das Hostienschale.",
    "category": "Gefäße & Geräte"
  },
  {
    "term_de": "Hostienschrank",
    "definition_de": "Hostienschrank: Begriff aus dem Bereich „Gefäße & Geräte“. Kurze Erklärung in einfacher Sprache.",
    "example_de": "Beispiel: Der Priester legt die Hostien in das Hostienschrank.",
    "category": "Gefäße & Geräte"
  },
  {
    "term_de": "Evangeliar",
    "definition_de": "Evangeliar: Begriff aus dem Bereich „Gefäße & Geräte“. Kurze Erklärung in einfacher Sprache.",
    "example_de": "Beispiel: Der Priester legt die Hostien in das Evangeliar.",
    "category": "Gefäße & Geräte"
  },
  {
    "term_de": "Lektionar",
    "definition_de": "Lektionar: Begriff aus dem Bereich „Gefäße & Geräte“. Kurze Erklärung in einfacher Sprache.",
    "example_de": "Beispiel: Der Priester legt die Hostien in das Lektionar.",
    "category": "Gefäße & Geräte"
  },
  {
    "term_de": "Messbuch",
    "definition_de": "Messbuch: Begriff aus dem Bereich „Gefäße & Geräte“. Kurze Erklärung in einfacher Sprache.",
    "example_de": "Beispiel: Der Priester legt die Hostien in das Messbuch.",
    "category": "Gefäße & Geräte"
  },
  {
    "term_de": "Sakrarium",
    "definition_de": "Sakrarium: Begriff aus dem Bereich „Gefäße & Geräte“. Kurze Erklärung in einfacher Sprache.",
    "example_de": "Beispiel: Der Priester legt die Hostien in das Sakrarium.",
    "category": "Gefäße & Geräte"
  },
  {
    "term_de": "Leuchter",
    "definition_de": "Leuchter: Begriff aus dem Bereich „Gefäße & Geräte“. Kurze Erklärung in einfacher Sprache.",
    "example_de": "Beispiel: Der Priester legt die Hostien in das Leuchter.",
    "category": "Gefäße & Geräte"
  },
  {
    "term_de": "Prozessionskreuz",
    "definition_de": "Prozessionskreuz: Begriff aus dem Bereich „Gefäße & Geräte“. Kurze Erklärung in einfacher Sprache.",
    "example_de": "Beispiel: Der Priester legt die Hostien in das Prozessionskreuz.",
    "category": "Gefäße & Geräte"
  },
  {
    "term_de": "Schemel",
    "definition_de": "Schemel: Begriff aus dem Bereich „Gefäße & Geräte“. Kurze Erklärung in einfacher Sprache.",
    "example_de": "Beispiel: Der Priester legt die Hostien in das Schemel.",
    "category": "Gefäße & Geräte"
  },
  {
    "term_de": "Glockenseil",
    "definition_de": "Glockenseil: Begriff aus dem Bereich „Gefäße & Geräte“. Kurze Erklärung in einfacher Sprache.",
    "example_de": "Beispiel: Der Priester legt die Hostien in das Glockenseil.",
    "category": "Gefäße & Geräte"
  },
  {
    "term_de": "Advent",
    "definition_de": "Advent: Begriff aus dem Bereich „Kirchenjahr & Zeiten“. Kurze Erklärung in einfacher Sprache.",
    "example_de": "Beispiel: Im Gottesdienst hört die Gemeinde die Advent.",
    "category": "Kirchenjahr & Zeiten"
  },
  {
    "term_de": "Weihnachten",
    "definition_de": "Weihnachten: Begriff aus dem Bereich „Kirchenjahr & Zeiten“. Kurze Erklärung in einfacher Sprache.",
    "example_de": "Beispiel: Im Gottesdienst hört die Gemeinde die Weihnachten.",
    "category": "Kirchenjahr & Zeiten"
  },
  {
    "term_de": "Epiphanie",
    "definition_de": "Epiphanie: Begriff aus dem Bereich „Kirchenjahr & Zeiten“. Kurze Erklärung in einfacher Sprache.",
    "example_de": "Beispiel: Im Gottesdienst hört die Gemeinde die Epiphanie.",
    "category": "Kirchenjahr & Zeiten"
  },
  {
    "term_de": "Darstellung des Herrn",
    "definition_de": "Darstellung des Herrn: Begriff aus dem Bereich „Kirchenjahr & Zeiten“. Kurze Erklärung in einfacher Sprache.",
    "example_de": "Beispiel: Im Gottesdienst hört die Gemeinde die Darstellung des Herrn.",
    "category": "Kirchenjahr & Zeiten"
  },
  {
    "term_de": "Fastenzeit",
    "definition_de": "Fastenzeit: Begriff aus dem Bereich „Kirchenjahr & Zeiten“. Kurze Erklärung in einfacher Sprache.",
    "example_de": "Beispiel: Im Gottesdienst hört die Gemeinde die Fastenzeit.",
    "category": "Kirchenjahr & Zeiten"
  },
  {
    "term_de": "Aschermittwoch",
    "definition_de": "Aschermittwoch: Begriff aus dem Bereich „Kirchenjahr & Zeiten“. Kurze Erklärung in einfacher Sprache.",
    "example_de": "Beispiel: Im Gottesdienst hört die Gemeinde die Aschermittwoch.",
    "category": "Kirchenjahr & Zeiten"
  },
  {
    "term_de": "Palmsonntag",
    "definition_de": "Palmsonntag: Begriff aus dem Bereich „Kirchenjahr & Zeiten“. Kurze Erklärung in einfacher Sprache.",
    "example_de": "Beispiel: Im Gottesdienst hört die Gemeinde die Palmsonntag.",
    "category": "Kirchenjahr & Zeiten"
  },
  {
    "term_de": "Gründonnerstag",
    "definition_de": "Gründonnerstag: Begriff aus dem Bereich „Kirchenjahr & Zeiten“. Kurze Erklärung in einfacher Sprache.",
    "example_de": "Beispiel: Im Gottesdienst hört die Gemeinde die Gründonnerstag.",
    "category": "Kirchenjahr & Zeiten"
  },
  {
    "term_de": "Karfreitag",
    "definition_de": "Karfreitag: Begriff aus dem Bereich „Kirchenjahr & Zeiten“. Kurze Erklärung in einfacher Sprache.",
    "example_de": "Beispiel: Im Gottesdienst hört die Gemeinde die Karfreitag.",
    "category": "Kirchenjahr & Zeiten"
  },
  {
    "term_de": "Osternacht",
    "definition_de": "Osternacht: Begriff aus dem Bereich „Kirchenjahr & Zeiten“. Kurze Erklärung in einfacher Sprache.",
    "example_de": "Beispiel: Im Gottesdienst hört die Gemeinde die Osternacht.",
    "category": "Kirchenjahr & Zeiten"
  },
  {
    "term_de": "Ostern",
    "definition_de": "Ostern: Begriff aus dem Bereich „Kirchenjahr & Zeiten“. Kurze Erklärung in einfacher Sprache.",
    "example_de": "Beispiel: Im Gottesdienst hört die Gemeinde die Ostern.",
    "category": "Kirchenjahr & Zeiten"
  },
  {
    "term_de": "Weiße Woche",
    "definition_de": "Weiße Woche: Begriff aus dem Bereich „Kirchenjahr & Zeiten“. Kurze Erklärung in einfacher Sprache.",
    "example_de": "Beispiel: Im Gottesdienst hört die Gemeinde die Weiße Woche.",
    "category": "Kirchenjahr & Zeiten"
  },
  {
    "term_de": "Himmelfahrt",
    "definition_de": "Himmelfahrt: Begriff aus dem Bereich „Kirchenjahr & Zeiten“. Kurze Erklärung in einfacher Sprache.",
    "example_de": "Beispiel: Im Gottesdienst hört die Gemeinde die Himmelfahrt.",
    "category": "Kirchenjahr & Zeiten"
  },
  {
    "term_de": "Pfingsten",
    "definition_de": "Pfingsten: Begriff aus dem Bereich „Kirchenjahr & Zeiten“. Kurze Erklärung in einfacher Sprache.",
    "example_de": "Beispiel: Im Gottesdienst hört die Gemeinde die Pfingsten.",
    "category": "Kirchenjahr & Zeiten"
  },
  {
    "term_de": "Dreifaltigkeitssonntag",
    "definition_de": "Dreifaltigkeitssonntag: Begriff aus dem Bereich „Kirchenjahr & Zeiten“. Kurze Erklärung in einfacher Sprache.",
    "example_de": "Beispiel: Im Gottesdienst hört die Gemeinde die Dreifaltigkeitssonntag.",
    "category": "Kirchenjahr & Zeiten"
  },
  {
    "term_de": "Fronleichnam",
    "definition_de": "Fronleichnam: Begriff aus dem Bereich „Kirchenjahr & Zeiten“. Kurze Erklärung in einfacher Sprache.",
    "example_de": "Beispiel: Im Gottesdienst hört die Gemeinde die Fronleichnam.",
    "category": "Kirchenjahr & Zeiten"
  },
  {
    "term_de": "Herz-Jesu-Fest",
    "definition_de": "Herz-Jesu-Fest: Begriff aus dem Bereich „Kirchenjahr & Zeiten“. Kurze Erklärung in einfacher Sprache.",
    "example_de": "Beispiel: Im Gottesdienst hört die Gemeinde die Herz-Jesu-Fest.",
    "category": "Kirchenjahr & Zeiten"
  },
  {
    "term_de": "Mariä Himmelfahrt",
    "definition_de": "Mariä Himmelfahrt: Begriff aus dem Bereich „Kirchenjahr & Zeiten“. Kurze Erklärung in einfacher Sprache.",
    "example_de": "Beispiel: Im Gottesdienst hört die Gemeinde die Mariä Himmelfahrt.",
    "category": "Kirchenjahr & Zeiten"
  },
  {
    "term_de": "Allerheiligen",
    "definition_de": "Allerheiligen: Begriff aus dem Bereich „Kirchenjahr & Zeiten“. Kurze Erklärung in einfacher Sprache.",
    "example_de": "Beispiel: Im Gottesdienst hört die Gemeinde die Allerheiligen.",
    "category": "Kirchenjahr & Zeiten"
  },
  {
    "term_de": "Christkönig",
    "definition_de": "Christkönig: Begriff aus dem Bereich „Kirchenjahr & Zeiten“. Kurze Erklärung in einfacher Sprache.",
    "example_de": "Beispiel: Im Gottesdienst hört die Gemeinde die Christkönig.",
    "category": "Kirchenjahr & Zeiten"
  },
  {
    "term_de": "Hochfest",
    "definition_de": "Hochfest: Begriff aus dem Bereich „Kirchenjahr & Zeiten“. Kurze Erklärung in einfacher Sprache.",
    "example_de": "Beispiel: Im Gottesdienst hört die Gemeinde die Hochfest.",
    "category": "Kirchenjahr & Zeiten"
  },
  {
    "term_de": "Fest",
    "definition_de": "Fest: Begriff aus dem Bereich „Kirchenjahr & Zeiten“. Kurze Erklärung in einfacher Sprache.",
    "example_de": "Beispiel: Im Gottesdienst hört die Gemeinde die Fest.",
    "category": "Kirchenjahr & Zeiten"
  },
  {
    "term_de": "Gedenktag",
    "definition_de": "Gedenktag: Begriff aus dem Bereich „Kirchenjahr & Zeiten“. Kurze Erklärung in einfacher Sprache.",
    "example_de": "Beispiel: Im Gottesdienst hört die Gemeinde die Gedenktag.",
    "category": "Kirchenjahr & Zeiten"
  },
  {
    "term_de": "Werktag",
    "definition_de": "Werktag: Begriff aus dem Bereich „Kirchenjahr & Zeiten“. Kurze Erklärung in einfacher Sprache.",
    "example_de": "Beispiel: Im Gottesdienst hört die Gemeinde die Werktag.",
    "category": "Kirchenjahr & Zeiten"
  },
  {
    "term_de": "Lesejahr",
    "definition_de": "Lesejahr: Begriff aus dem Bereich „Kirchenjahr & Zeiten“. Kurze Erklärung in einfacher Sprache.",
    "example_de": "Beispiel: Im Gottesdienst hört die Gemeinde die Lesejahr.",
    "category": "Kirchenjahr & Zeiten"
  },
  {
    "term_de": "Papst",
    "definition_de": "Papst: Begriff aus dem Bereich „Dienste & Ämter“. Kurze Erklärung in einfacher Sprache.",
    "example_de": "Beispiel: Im Gottesdienst hört die Gemeinde die Papst.",
    "category": "Dienste & Ämter"
  },
  {
    "term_de": "Bischof",
    "definition_de": "Bischof: Begriff aus dem Bereich „Dienste & Ämter“. Kurze Erklärung in einfacher Sprache.",
    "example_de": "Beispiel: Im Gottesdienst hört die Gemeinde die Bischof.",
    "category": "Dienste & Ämter"
  },
  {
    "term_de": "Erzbischof",
    "definition_de": "Erzbischof: Begriff aus dem Bereich „Dienste & Ämter“. Kurze Erklärung in einfacher Sprache.",
    "example_de": "Beispiel: Im Gottesdienst hört die Gemeinde die Erzbischof.",
    "category": "Dienste & Ämter"
  },
  {
    "term_de": "Generalvikar",
    "definition_de": "Generalvikar: Begriff aus dem Bereich „Dienste & Ämter“. Kurze Erklärung in einfacher Sprache.",
    "example_de": "Beispiel: Im Gottesdienst hört die Gemeinde die Generalvikar.",
    "category": "Dienste & Ämter"
  },
  {
    "term_de": "Domkapitular",
    "definition_de": "Domkapitular: Begriff aus dem Bereich „Dienste & Ämter“. Kurze Erklärung in einfacher Sprache.",
    "example_de": "Beispiel: Im Gottesdienst hört die Gemeinde die Domkapitular.",
    "category": "Dienste & Ämter"
  },
  {
    "term_de": "Pfarrer",
    "definition_de": "Pfarrer: Begriff aus dem Bereich „Dienste & Ämter“. Kurze Erklärung in einfacher Sprache.",
    "example_de": "Beispiel: Im Gottesdienst hört die Gemeinde die Pfarrer.",
    "category": "Dienste & Ämter"
  },
  {
    "term_de": "Kaplan",
    "definition_de": "Kaplan: Begriff aus dem Bereich „Dienste & Ämter“. Kurze Erklärung in einfacher Sprache.",
    "example_de": "Beispiel: Im Gottesdienst hört die Gemeinde die Kaplan.",
    "category": "Dienste & Ämter"
  },
  {
    "term_de": "Diakon",
    "definition_de": "Diakon: Begriff aus dem Bereich „Dienste & Ämter“. Kurze Erklärung in einfacher Sprache.",
    "example_de": "Beispiel: Im Gottesdienst hört die Gemeinde die Diakon.",
    "category": "Dienste & Ämter"
  },
  {
    "term_de": "Subdiakon",
    "definition_de": "Subdiakon: Begriff aus dem Bereich „Dienste & Ämter“. Kurze Erklärung in einfacher Sprache.",
    "example_de": "Beispiel: Im Gottesdienst hört die Gemeinde die Subdiakon.",
    "category": "Dienste & Ämter"
  },
  {
    "term_de": "Ordensmann",
    "definition_de": "Ordensmann: Begriff aus dem Bereich „Dienste & Ämter“. Kurze Erklärung in einfacher Sprache.",
    "example_de": "Beispiel: Im Gottesdienst hört die Gemeinde die Ordensmann.",
    "category": "Dienste & Ämter"
  },
  {
    "term_de": "Ordensfrau",
    "definition_de": "Ordensfrau: Begriff aus dem Bereich „Dienste & Ämter“. Kurze Erklärung in einfacher Sprache.",
    "example_de": "Beispiel: Im Gottesdienst hört die Gemeinde die Ordensfrau.",
    "category": "Dienste & Ämter"
  },
  {
    "term_de": "Novize",
    "definition_de": "Novize: Begriff aus dem Bereich „Dienste & Ämter“. Kurze Erklärung in einfacher Sprache.",
    "example_de": "Beispiel: Im Gottesdienst hört die Gemeinde die Novize.",
    "category": "Dienste & Ämter"
  },
  {
    "term_de": "Mesner",
    "definition_de": "Mesner: Begriff aus dem Bereich „Dienste & Ämter“. Kurze Erklärung in einfacher Sprache.",
    "example_de": "Beispiel: Im Gottesdienst hört die Gemeinde die Mesner.",
    "category": "Dienste & Ämter"
  },
  {
    "term_de": "Küster",
    "definition_de": "Küster: Begriff aus dem Bereich „Dienste & Ämter“. Kurze Erklärung in einfacher Sprache.",
    "example_de": "Beispiel: Im Gottesdienst hört die Gemeinde die Küster.",
    "category": "Dienste & Ämter"
  },
  {
    "term_de": "Organist",
    "definition_de": "Organist: Begriff aus dem Bereich „Dienste & Ämter“. Kurze Erklärung in einfacher Sprache.",
    "example_de": "Beispiel: Im Gottesdienst hört die Gemeinde die Organist.",
    "category": "Dienste & Ämter"
  },
  {
    "term_de": "Kantor",
    "definition_de": "Kantor: Begriff aus dem Bereich „Dienste & Ämter“. Kurze Erklärung in einfacher Sprache.",
    "example_de": "Beispiel: Im Gottesdienst hört die Gemeinde die Kantor.",
    "category": "Dienste & Ämter"
  },
  {
    "term_de": "Lektor",
    "definition_de": "Lektor: Begriff aus dem Bereich „Dienste & Ämter“. Kurze Erklärung in einfacher Sprache.",
    "example_de": "Beispiel: Im Gottesdienst hört die Gemeinde die Lektor.",
    "category": "Dienste & Ämter"
  },
  {
    "term_de": "Kommunionhelfer",
    "definition_de": "Kommunionhelfer: Begriff aus dem Bereich „Dienste & Ämter“. Kurze Erklärung in einfacher Sprache.",
    "example_de": "Beispiel: Im Gottesdienst hört die Gemeinde die Kommunionhelfer.",
    "category": "Dienste & Ämter"
  },
  {
    "term_de": "Ministrant",
    "definition_de": "Ministrant: Begriff aus dem Bereich „Dienste & Ämter“. Kurze Erklärung in einfacher Sprache.",
    "example_de": "Beispiel: Im Gottesdienst hört die Gemeinde die Ministrant.",
    "category": "Dienste & Ämter"
  },
  {
    "term_de": "Chorleiter",
    "definition_de": "Chorleiter: Begriff aus dem Bereich „Dienste & Ämter“. Kurze Erklärung in einfacher Sprache.",
    "example_de": "Beispiel: Im Gottesdienst hört die Gemeinde die Chorleiter.",
    "category": "Dienste & Ämter"
  },
  {
    "term_de": "Pastoralreferent",
    "definition_de": "Pastoralreferent: Begriff aus dem Bereich „Dienste & Ämter“. Kurze Erklärung in einfacher Sprache.",
    "example_de": "Beispiel: Im Gottesdienst hört die Gemeinde die Pastoralreferent.",
    "category": "Dienste & Ämter"
  },
  {
    "term_de": "Gemeindereferent",
    "definition_de": "Gemeindereferent: Begriff aus dem Bereich „Dienste & Ämter“. Kurze Erklärung in einfacher Sprache.",
    "example_de": "Beispiel: Im Gottesdienst hört die Gemeinde die Gemeindereferent.",
    "category": "Dienste & Ämter"
  },
  {
    "term_de": "Pfarrsekretärin",
    "definition_de": "Pfarrsekretärin: Begriff aus dem Bereich „Dienste & Ämter“. Kurze Erklärung in einfacher Sprache.",
    "example_de": "Beispiel: Im Gottesdienst hört die Gemeinde die Pfarrsekretärin.",
    "category": "Dienste & Ämter"
  },
  {
    "term_de": "Hausmeister",
    "definition_de": "Hausmeister: Begriff aus dem Bereich „Dienste & Ämter“. Kurze Erklärung in einfacher Sprache.",
    "example_de": "Beispiel: Im Gottesdienst hört die Gemeinde die Hausmeister.",
    "category": "Dienste & Ämter"
  },
  {
    "term_de": "Pfarrgemeinderat",
    "definition_de": "Pfarrgemeinderat: Begriff aus dem Bereich „Dienste & Ämter“. Kurze Erklärung in einfacher Sprache.",
    "example_de": "Beispiel: Im Gottesdienst hört die Gemeinde die Pfarrgemeinderat.",
    "category": "Dienste & Ämter"
  },
  {
    "term_de": "Trauergespräch",
    "definition_de": "Trauergespräch: Begriff aus dem Bereich „Pastoral & Seelsorge“. Kurze Erklärung in einfacher Sprache.",
    "example_de": "Beispiel: Heute steht ein Trauergespräch an.",
    "category": "Pastoral & Seelsorge"
  },
  {
    "term_de": "Krankenbesuch",
    "definition_de": "Krankenbesuch: Begriff aus dem Bereich „Pastoral & Seelsorge“. Kurze Erklärung in einfacher Sprache.",
    "example_de": "Beispiel: Heute steht ein Krankenbesuch an.",
    "category": "Pastoral & Seelsorge"
  },
  {
    "term_de": "Hauskommunion",
    "definition_de": "Hauskommunion: Begriff aus dem Bereich „Pastoral & Seelsorge“. Kurze Erklärung in einfacher Sprache.",
    "example_de": "Beispiel: Heute steht ein Hauskommunion an.",
    "category": "Pastoral & Seelsorge"
  },
  {
    "term_de": "Taufgespräch",
    "definition_de": "Taufgespräch: Begriff aus dem Bereich „Pastoral & Seelsorge“. Kurze Erklärung in einfacher Sprache.",
    "example_de": "Beispiel: Heute steht ein Taufgespräch an.",
    "category": "Pastoral & Seelsorge"
  },
  {
    "term_de": "Ehevorbereitung",
    "definition_de": "Ehevorbereitung: Begriff aus dem Bereich „Pastoral & Seelsorge“. Kurze Erklärung in einfacher Sprache.",
    "example_de": "Beispiel: Heute steht ein Ehevorbereitung an.",
    "category": "Pastoral & Seelsorge"
  },
  {
    "term_de": "Beichtgespräch",
    "definition_de": "Beichtgespräch: Begriff aus dem Bereich „Pastoral & Seelsorge“. Kurze Erklärung in einfacher Sprache.",
    "example_de": "Beispiel: Heute steht ein Beichtgespräch an.",
    "category": "Pastoral & Seelsorge"
  },
  {
    "term_de": "Firmkatechese",
    "definition_de": "Firmkatechese: Begriff aus dem Bereich „Pastoral & Seelsorge“. Kurze Erklärung in einfacher Sprache.",
    "example_de": "Beispiel: Heute steht ein Firmkatechese an.",
    "category": "Pastoral & Seelsorge"
  },
  {
    "term_de": "Erstkommunionkurs",
    "definition_de": "Erstkommunionkurs: Begriff aus dem Bereich „Pastoral & Seelsorge“. Kurze Erklärung in einfacher Sprache.",
    "example_de": "Beispiel: Heute steht ein Erstkommunionkurs an.",
    "category": "Pastoral & Seelsorge"
  },
  {
    "term_de": "Familiengottesdienst",
    "definition_de": "Familiengottesdienst: Begriff aus dem Bereich „Pastoral & Seelsorge“. Kurze Erklärung in einfacher Sprache.",
    "example_de": "Beispiel: Heute steht ein Familiengottesdienst an.",
    "category": "Pastoral & Seelsorge"
  },
  {
    "term_de": "Jugendgruppe",
    "definition_de": "Jugendgruppe: Begriff aus dem Bereich „Pastoral & Seelsorge“. Kurze Erklärung in einfacher Sprache.",
    "example_de": "Beispiel: Heute steht ein Jugendgruppe an.",
    "category": "Pastoral & Seelsorge"
  },
  {
    "term_de": "Seniorenkreis",
    "definition_de": "Seniorenkreis: Begriff aus dem Bereich „Pastoral & Seelsorge“. Kurze Erklärung in einfacher Sprache.",
    "example_de": "Beispiel: Heute steht ein Seniorenkreis an.",
    "category": "Pastoral & Seelsorge"
  },
  {
    "term_de": "Caritas",
    "definition_de": "Caritas: Begriff aus dem Bereich „Pastoral & Seelsorge“. Kurze Erklärung in einfacher Sprache.",
    "example_de": "Beispiel: Heute steht ein Caritas an.",
    "category": "Pastoral & Seelsorge"
  },
  {
    "term_de": "Sozialberatung",
    "definition_de": "Sozialberatung: Begriff aus dem Bereich „Pastoral & Seelsorge“. Kurze Erklärung in einfacher Sprache.",
    "example_de": "Beispiel: Heute steht ein Sozialberatung an.",
    "category": "Pastoral & Seelsorge"
  },
  {
    "term_de": "Besuchsdienst",
    "definition_de": "Besuchsdienst: Begriff aus dem Bereich „Pastoral & Seelsorge“. Kurze Erklärung in einfacher Sprache.",
    "example_de": "Beispiel: Heute steht ein Besuchsdienst an.",
    "category": "Pastoral & Seelsorge"
  },
  {
    "term_de": "Notfallseelsorge",
    "definition_de": "Notfallseelsorge: Begriff aus dem Bereich „Pastoral & Seelsorge“. Kurze Erklärung in einfacher Sprache.",
    "example_de": "Beispiel: Heute steht ein Notfallseelsorge an.",
    "category": "Pastoral & Seelsorge"
  },
  {
    "term_de": "Telefonseelsorge",
    "definition_de": "Telefonseelsorge: Begriff aus dem Bereich „Pastoral & Seelsorge“. Kurze Erklärung in einfacher Sprache.",
    "example_de": "Beispiel: Heute steht ein Telefonseelsorge an.",
    "category": "Pastoral & Seelsorge"
  },
  {
    "term_de": "Bibelkreis",
    "definition_de": "Bibelkreis: Begriff aus dem Bereich „Pastoral & Seelsorge“. Kurze Erklärung in einfacher Sprache.",
    "example_de": "Beispiel: Heute steht ein Bibelkreis an.",
    "category": "Pastoral & Seelsorge"
  },
  {
    "term_de": "Exerzitien",
    "definition_de": "Exerzitien: Begriff aus dem Bereich „Pastoral & Seelsorge“. Kurze Erklärung in einfacher Sprache.",
    "example_de": "Beispiel: Heute steht ein Exerzitien an.",
    "category": "Pastoral & Seelsorge"
  },
  {
    "term_de": "Wallfahrt",
    "definition_de": "Wallfahrt: Begriff aus dem Bereich „Pastoral & Seelsorge“. Kurze Erklärung in einfacher Sprache.",
    "example_de": "Beispiel: Heute steht ein Wallfahrt an.",
    "category": "Pastoral & Seelsorge"
  },
  {
    "term_de": "Andacht",
    "definition_de": "Andacht: Begriff aus dem Bereich „Pastoral & Seelsorge“. Kurze Erklärung in einfacher Sprache.",
    "example_de": "Beispiel: Heute steht ein Andacht an.",
    "category": "Pastoral & Seelsorge"
  },
  {
    "term_de": "Eucharistische Anbetung",
    "definition_de": "Eucharistische Anbetung: Begriff aus dem Bereich „Pastoral & Seelsorge“. Kurze Erklärung in einfacher Sprache.",
    "example_de": "Beispiel: Heute steht ein Eucharistische Anbetung an.",
    "category": "Pastoral & Seelsorge"
  },
  {
    "term_de": "Rosenkranz",
    "definition_de": "Rosenkranz: Begriff aus dem Bereich „Pastoral & Seelsorge“. Kurze Erklärung in einfacher Sprache.",
    "example_de": "Beispiel: Heute steht ein Rosenkranz an.",
    "category": "Pastoral & Seelsorge"
  },
  {
    "term_de": "Kreuzwegandacht",
    "definition_de": "Kreuzwegandacht: Begriff aus dem Bereich „Pastoral & Seelsorge“. Kurze Erklärung in einfacher Sprache.",
    "example_de": "Beispiel: Heute steht ein Kreuzwegandacht an.",
    "category": "Pastoral & Seelsorge"
  },
  {
    "term_de": "Segnung",
    "definition_de": "Segnung: Begriff aus dem Bereich „Pastoral & Seelsorge“. Kurze Erklärung in einfacher Sprache.",
    "example_de": "Beispiel: Heute steht ein Segnung an.",
    "category": "Pastoral & Seelsorge"
  },
  {
    "term_de": "Haussegnung",
    "definition_de": "Haussegnung: Begriff aus dem Bereich „Pastoral & Seelsorge“. Kurze Erklärung in einfacher Sprache.",
    "example_de": "Beispiel: Heute steht ein Haussegnung an.",
    "category": "Pastoral & Seelsorge"
  },
  {
    "term_de": "Bibel",
    "definition_de": "Bibel: Begriff aus dem Bereich „Bibel & Theologie“. Kurze Erklärung in einfacher Sprache.",
    "example_de": "Beispiel: Wir lesen heute eine Bibel.",
    "category": "Bibel & Theologie"
  },
  {
    "term_de": "Altes Testament",
    "definition_de": "Altes Testament: Begriff aus dem Bereich „Bibel & Theologie“. Kurze Erklärung in einfacher Sprache.",
    "example_de": "Beispiel: Wir lesen heute eine Altes Testament.",
    "category": "Bibel & Theologie"
  },
  {
    "term_de": "Neues Testament",
    "definition_de": "Neues Testament: Begriff aus dem Bereich „Bibel & Theologie“. Kurze Erklärung in einfacher Sprache.",
    "example_de": "Beispiel: Wir lesen heute eine Neues Testament.",
    "category": "Bibel & Theologie"
  },
  {
    "term_de": "Evangeliumsschreiber",
    "definition_de": "Evangeliumsschreiber: Begriff aus dem Bereich „Bibel & Theologie“. Kurze Erklärung in einfacher Sprache.",
    "example_de": "Beispiel: Wir lesen heute eine Evangeliumsschreiber.",
    "category": "Bibel & Theologie"
  },
  {
    "term_de": "Apostelgeschichte",
    "definition_de": "Apostelgeschichte: Begriff aus dem Bereich „Bibel & Theologie“. Kurze Erklärung in einfacher Sprache.",
    "example_de": "Beispiel: Wir lesen heute eine Apostelgeschichte.",
    "category": "Bibel & Theologie"
  },
  {
    "term_de": "Psalmen",
    "definition_de": "Psalmen: Begriff aus dem Bereich „Bibel & Theologie“. Kurze Erklärung in einfacher Sprache.",
    "example_de": "Beispiel: Wir lesen heute eine Psalmen.",
    "category": "Bibel & Theologie"
  },
  {
    "term_de": "Propheten",
    "definition_de": "Propheten: Begriff aus dem Bereich „Bibel & Theologie“. Kurze Erklärung in einfacher Sprache.",
    "example_de": "Beispiel: Wir lesen heute eine Propheten.",
    "category": "Bibel & Theologie"
  },
  {
    "term_de": "Briefe des Paulus",
    "definition_de": "Briefe des Paulus: Begriff aus dem Bereich „Bibel & Theologie“. Kurze Erklärung in einfacher Sprache.",
    "example_de": "Beispiel: Wir lesen heute eine Briefe des Paulus.",
    "category": "Bibel & Theologie"
  },
  {
    "term_de": "Perikope",
    "definition_de": "Perikope: Begriff aus dem Bereich „Bibel & Theologie“. Kurze Erklärung in einfacher Sprache.",
    "example_de": "Beispiel: Wir lesen heute eine Perikope.",
    "category": "Bibel & Theologie"
  },
  {
    "term_de": "Gleichnis",
    "definition_de": "Gleichnis: Begriff aus dem Bereich „Bibel & Theologie“. Kurze Erklärung in einfacher Sprache.",
    "example_de": "Beispiel: Wir lesen heute eine Gleichnis.",
    "category": "Bibel & Theologie"
  },
  {
    "term_de": "Exegese",
    "definition_de": "Exegese: Begriff aus dem Bereich „Bibel & Theologie“. Kurze Erklärung in einfacher Sprache.",
    "example_de": "Beispiel: Wir lesen heute eine Exegese.",
    "category": "Bibel & Theologie"
  },
  {
    "term_de": "Hermeneutik",
    "definition_de": "Hermeneutik: Begriff aus dem Bereich „Bibel & Theologie“. Kurze Erklärung in einfacher Sprache.",
    "example_de": "Beispiel: Wir lesen heute eine Hermeneutik.",
    "category": "Bibel & Theologie"
  },
  {
    "term_de": "Lectio divina",
    "definition_de": "Lectio divina: Begriff aus dem Bereich „Bibel & Theologie“. Kurze Erklärung in einfacher Sprache.",
    "example_de": "Beispiel: Wir lesen heute eine Lectio divina.",
    "category": "Bibel & Theologie"
  },
  {
    "term_de": "Kirchenväter",
    "definition_de": "Kirchenväter: Begriff aus dem Bereich „Bibel & Theologie“. Kurze Erklärung in einfacher Sprache.",
    "example_de": "Beispiel: Wir lesen heute eine Kirchenväter.",
    "category": "Bibel & Theologie"
  },
  {
    "term_de": "Dogma",
    "definition_de": "Dogma: Begriff aus dem Bereich „Bibel & Theologie“. Kurze Erklärung in einfacher Sprache.",
    "example_de": "Beispiel: Wir lesen heute eine Dogma.",
    "category": "Bibel & Theologie"
  },
  {
    "term_de": "Katechismus",
    "definition_de": "Katechismus: Begriff aus dem Bereich „Bibel & Theologie“. Kurze Erklärung in einfacher Sprache.",
    "example_de": "Beispiel: Wir lesen heute eine Katechismus.",
    "category": "Bibel & Theologie"
  },
  {
    "term_de": "Einheitsübersetzung",
    "definition_de": "Einheitsübersetzung: Begriff aus dem Bereich „Bibel & Theologie“. Kurze Erklärung in einfacher Sprache.",
    "example_de": "Beispiel: Wir lesen heute eine Einheitsübersetzung.",
    "category": "Bibel & Theologie"
  },
  {
    "term_de": "Vulgata",
    "definition_de": "Vulgata: Begriff aus dem Bereich „Bibel & Theologie“. Kurze Erklärung in einfacher Sprache.",
    "example_de": "Beispiel: Wir lesen heute eine Vulgata.",
    "category": "Bibel & Theologie"
  },
  {
    "term_de": "Kanon",
    "definition_de": "Kanon: Begriff aus dem Bereich „Bibel & Theologie“. Kurze Erklärung in einfacher Sprache.",
    "example_de": "Beispiel: Wir lesen heute eine Kanon.",
    "category": "Bibel & Theologie"
  },
  {
    "term_de": "Apokryphen",
    "definition_de": "Apokryphen: Begriff aus dem Bereich „Bibel & Theologie“. Kurze Erklärung in einfacher Sprache.",
    "example_de": "Beispiel: Wir lesen heute eine Apokryphen.",
    "category": "Bibel & Theologie"
  },
  {
    "term_de": "Koiné",
    "definition_de": "Koiné: Begriff aus dem Bereich „Bibel & Theologie“. Kurze Erklärung in einfacher Sprache.",
    "example_de": "Beispiel: Wir lesen heute eine Koiné.",
    "category": "Bibel & Theologie"
  },
  {
    "term_de": "Septuaginta",
    "definition_de": "Septuaginta: Begriff aus dem Bereich „Bibel & Theologie“. Kurze Erklärung in einfacher Sprache.",
    "example_de": "Beispiel: Wir lesen heute eine Septuaginta.",
    "category": "Bibel & Theologie"
  },
  {
    "term_de": "Sola Scriptura",
    "definition_de": "Sola Scriptura: Begriff aus dem Bereich „Bibel & Theologie“. Kurze Erklärung in einfacher Sprache.",
    "example_de": "Beispiel: Wir lesen heute eine Sola Scriptura.",
    "category": "Bibel & Theologie"
  },
  {
    "term_de": "Tradition",
    "definition_de": "Tradition: Begriff aus dem Bereich „Bibel & Theologie“. Kurze Erklärung in einfacher Sprache.",
    "example_de": "Beispiel: Wir lesen heute eine Tradition.",
    "category": "Bibel & Theologie"
  },
  {
    "term_de": "Magisterium",
    "definition_de": "Magisterium: Begriff aus dem Bereich „Bibel & Theologie“. Kurze Erklärung in einfacher Sprache.",
    "example_de": "Beispiel: Wir lesen heute eine Magisterium.",
    "category": "Bibel & Theologie"
  },
  {
    "term_de": "Kirchenlied",
    "definition_de": "Kirchenlied: Begriff aus dem Bereich „Musik & Gesang“. Kurze Erklärung in einfacher Sprache.",
    "example_de": "Beispiel: Die Schola singt die Kirchenlied.",
    "category": "Musik & Gesang"
  },
  {
    "term_de": "Gesangbuch",
    "definition_de": "Gesangbuch: Begriff aus dem Bereich „Musik & Gesang“. Kurze Erklärung in einfacher Sprache.",
    "example_de": "Beispiel: Die Schola singt die Gesangbuch.",
    "category": "Musik & Gesang"
  },
  {
    "term_de": "Kehrvers",
    "definition_de": "Kehrvers: Begriff aus dem Bereich „Musik & Gesang“. Kurze Erklärung in einfacher Sprache.",
    "example_de": "Beispiel: Die Schola singt die Kehrvers.",
    "category": "Musik & Gesang"
  },
  {
    "term_de": "Antiphon",
    "definition_de": "Antiphon: Begriff aus dem Bereich „Musik & Gesang“. Kurze Erklärung in einfacher Sprache.",
    "example_de": "Beispiel: Die Schola singt die Antiphon.",
    "category": "Musik & Gesang"
  },
  {
    "term_de": "Responsorium",
    "definition_de": "Responsorium: Begriff aus dem Bereich „Musik & Gesang“. Kurze Erklärung in einfacher Sprache.",
    "example_de": "Beispiel: Die Schola singt die Responsorium.",
    "category": "Musik & Gesang"
  },
  {
    "term_de": "Psalmton",
    "definition_de": "Psalmton: Begriff aus dem Bereich „Musik & Gesang“. Kurze Erklärung in einfacher Sprache.",
    "example_de": "Beispiel: Die Schola singt die Psalmton.",
    "category": "Musik & Gesang"
  },
  {
    "term_de": "Antwortgesang",
    "definition_de": "Antwortgesang: Begriff aus dem Bereich „Musik & Gesang“. Kurze Erklärung in einfacher Sprache.",
    "example_de": "Beispiel: Die Schola singt die Antwortgesang.",
    "category": "Musik & Gesang"
  },
  {
    "term_de": "Choral",
    "definition_de": "Choral: Begriff aus dem Bereich „Musik & Gesang“. Kurze Erklärung in einfacher Sprache.",
    "example_de": "Beispiel: Die Schola singt die Choral.",
    "category": "Musik & Gesang"
  },
  {
    "term_de": "Schola",
    "definition_de": "Schola: Begriff aus dem Bereich „Musik & Gesang“. Kurze Erklärung in einfacher Sprache.",
    "example_de": "Beispiel: Die Schola singt die Schola.",
    "category": "Musik & Gesang"
  },
  {
    "term_de": "Vorspiel",
    "definition_de": "Vorspiel: Begriff aus dem Bereich „Musik & Gesang“. Kurze Erklärung in einfacher Sprache.",
    "example_de": "Beispiel: Die Schola singt die Vorspiel.",
    "category": "Musik & Gesang"
  },
  {
    "term_de": "Nachspiel",
    "definition_de": "Nachspiel: Begriff aus dem Bereich „Musik & Gesang“. Kurze Erklärung in einfacher Sprache.",
    "example_de": "Beispiel: Die Schola singt die Nachspiel.",
    "category": "Musik & Gesang"
  },
  {
    "term_de": "Introitus",
    "definition_de": "Introitus: Begriff aus dem Bereich „Musik & Gesang“. Kurze Erklärung in einfacher Sprache.",
    "example_de": "Beispiel: Die Schola singt die Introitus.",
    "category": "Musik & Gesang"
  },
  {
    "term_de": "Offertorium",
    "definition_de": "Offertorium: Begriff aus dem Bereich „Musik & Gesang“. Kurze Erklärung in einfacher Sprache.",
    "example_de": "Beispiel: Die Schola singt die Offertorium.",
    "category": "Musik & Gesang"
  },
  {
    "term_de": "Communio",
    "definition_de": "Communio: Begriff aus dem Bereich „Musik & Gesang“. Kurze Erklärung in einfacher Sprache.",
    "example_de": "Beispiel: Die Schola singt die Communio.",
    "category": "Musik & Gesang"
  },
  {
    "term_de": "Liedruf",
    "definition_de": "Liedruf: Begriff aus dem Bereich „Musik & Gesang“. Kurze Erklärung in einfacher Sprache.",
    "example_de": "Beispiel: Die Schola singt die Liedruf.",
    "category": "Musik & Gesang"
  },
  {
    "term_de": "Halleluja-Ruf",
    "definition_de": "Halleluja-Ruf: Begriff aus dem Bereich „Musik & Gesang“. Kurze Erklärung in einfacher Sprache.",
    "example_de": "Beispiel: Die Schola singt die Halleluja-Ruf.",
    "category": "Musik & Gesang"
  },
  {
    "term_de": "Kyriale",
    "definition_de": "Kyriale: Begriff aus dem Bereich „Musik & Gesang“. Kurze Erklärung in einfacher Sprache.",
    "example_de": "Beispiel: Die Schola singt die Kyriale.",
    "category": "Musik & Gesang"
  },
  {
    "term_de": "Kantate",
    "definition_de": "Kantate: Begriff aus dem Bereich „Musik & Gesang“. Kurze Erklärung in einfacher Sprache.",
    "example_de": "Beispiel: Die Schola singt die Kantate.",
    "category": "Musik & Gesang"
  },
  {
    "term_de": "Partitur",
    "definition_de": "Partitur: Begriff aus dem Bereich „Musik & Gesang“. Kurze Erklärung in einfacher Sprache.",
    "example_de": "Beispiel: Die Schola singt die Partitur.",
    "category": "Musik & Gesang"
  },
  {
    "term_de": "Dirigat",
    "definition_de": "Dirigat: Begriff aus dem Bereich „Musik & Gesang“. Kurze Erklärung in einfacher Sprache.",
    "example_de": "Beispiel: Die Schola singt die Dirigat.",
    "category": "Musik & Gesang"
  },
  {
    "term_de": "Notenpult",
    "definition_de": "Notenpult: Begriff aus dem Bereich „Musik & Gesang“. Kurze Erklärung in einfacher Sprache.",
    "example_de": "Beispiel: Die Schola singt die Notenpult.",
    "category": "Musik & Gesang"
  },
  {
    "term_de": "Register",
    "definition_de": "Register: Begriff aus dem Bereich „Musik & Gesang“. Kurze Erklärung in einfacher Sprache.",
    "example_de": "Beispiel: Die Schola singt die Register.",
    "category": "Musik & Gesang"
  },
  {
    "term_de": "Disposition",
    "definition_de": "Disposition: Begriff aus dem Bereich „Musik & Gesang“. Kurze Erklärung in einfacher Sprache.",
    "example_de": "Beispiel: Die Schola singt die Disposition.",
    "category": "Musik & Gesang"
  },
  {
    "term_de": "Kapellmeister",
    "definition_de": "Kapellmeister: Begriff aus dem Bereich „Musik & Gesang“. Kurze Erklärung in einfacher Sprache.",
    "example_de": "Beispiel: Die Schola singt die Kapellmeister.",
    "category": "Musik & Gesang"
  },
  {
    "term_de": "Stimmbildung",
    "definition_de": "Stimmbildung: Begriff aus dem Bereich „Musik & Gesang“. Kurze Erklärung in einfacher Sprache.",
    "example_de": "Beispiel: Die Schola singt die Stimmbildung.",
    "category": "Musik & Gesang"
  },
  {
    "term_de": "Pfarrbrief",
    "definition_de": "Pfarrbrief: Begriff aus dem Bereich „Verwaltung & Organisation“. Kurze Erklärung in einfacher Sprache.",
    "example_de": "Beispiel: Das Pfarrbrief wird im Pfarrbüro erstellt.",
    "category": "Verwaltung & Organisation"
  },
  {
    "term_de": "Kirchenanzeiger",
    "definition_de": "Kirchenanzeiger: Begriff aus dem Bereich „Verwaltung & Organisation“. Kurze Erklärung in einfacher Sprache.",
    "example_de": "Beispiel: Das Kirchenanzeiger wird im Pfarrbüro erstellt.",
    "category": "Verwaltung & Organisation"
  },
  {
    "term_de": "Taufregister",
    "definition_de": "Taufregister: Begriff aus dem Bereich „Verwaltung & Organisation“. Kurze Erklärung in einfacher Sprache.",
    "example_de": "Beispiel: Das Taufregister wird im Pfarrbüro erstellt.",
    "category": "Verwaltung & Organisation"
  },
  {
    "term_de": "Firmregister",
    "definition_de": "Firmregister: Begriff aus dem Bereich „Verwaltung & Organisation“. Kurze Erklärung in einfacher Sprache.",
    "example_de": "Beispiel: Das Firmregister wird im Pfarrbüro erstellt.",
    "category": "Verwaltung & Organisation"
  },
  {
    "term_de": "Eheregister",
    "definition_de": "Eheregister: Begriff aus dem Bereich „Verwaltung & Organisation“. Kurze Erklärung in einfacher Sprache.",
    "example_de": "Beispiel: Das Eheregister wird im Pfarrbüro erstellt.",
    "category": "Verwaltung & Organisation"
  },
  {
    "term_de": "Sterbebuch",
    "definition_de": "Sterbebuch: Begriff aus dem Bereich „Verwaltung & Organisation“. Kurze Erklärung in einfacher Sprache.",
    "example_de": "Beispiel: Das Sterbebuch wird im Pfarrbüro erstellt.",
    "category": "Verwaltung & Organisation"
  },
  {
    "term_de": "Pfarrmatrikel",
    "definition_de": "Pfarrmatrikel: Begriff aus dem Bereich „Verwaltung & Organisation“. Kurze Erklärung in einfacher Sprache.",
    "example_de": "Beispiel: Das Pfarrmatrikel wird im Pfarrbüro erstellt.",
    "category": "Verwaltung & Organisation"
  },
  {
    "term_de": "Messintention",
    "definition_de": "Messintention: Begriff aus dem Bereich „Verwaltung & Organisation“. Kurze Erklärung in einfacher Sprache.",
    "example_de": "Beispiel: Das Messintention wird im Pfarrbüro erstellt.",
    "category": "Verwaltung & Organisation"
  },
  {
    "term_de": "Opferstock",
    "definition_de": "Opferstock: Begriff aus dem Bereich „Verwaltung & Organisation“. Kurze Erklärung in einfacher Sprache.",
    "example_de": "Beispiel: Das Opferstock wird im Pfarrbüro erstellt.",
    "category": "Verwaltung & Organisation"
  },
  {
    "term_de": "Kollektenkorb",
    "definition_de": "Kollektenkorb: Begriff aus dem Bereich „Verwaltung & Organisation“. Kurze Erklärung in einfacher Sprache.",
    "example_de": "Beispiel: Das Kollektenkorb wird im Pfarrbüro erstellt.",
    "category": "Verwaltung & Organisation"
  },
  {
    "term_de": "Dienstplan",
    "definition_de": "Dienstplan: Begriff aus dem Bereich „Verwaltung & Organisation“. Kurze Erklärung in einfacher Sprache.",
    "example_de": "Beispiel: Das Dienstplan wird im Pfarrbüro erstellt.",
    "category": "Verwaltung & Organisation"
  },
  {
    "term_de": "Vertretungsplan",
    "definition_de": "Vertretungsplan: Begriff aus dem Bereich „Verwaltung & Organisation“. Kurze Erklärung in einfacher Sprache.",
    "example_de": "Beispiel: Das Vertretungsplan wird im Pfarrbüro erstellt.",
    "category": "Verwaltung & Organisation"
  },
  {
    "term_de": "Schlüsselordnung",
    "definition_de": "Schlüsselordnung: Begriff aus dem Bereich „Verwaltung & Organisation“. Kurze Erklärung in einfacher Sprache.",
    "example_de": "Beispiel: Das Schlüsselordnung wird im Pfarrbüro erstellt.",
    "category": "Verwaltung & Organisation"
  },
  {
    "term_de": "Raumbelegung",
    "definition_de": "Raumbelegung: Begriff aus dem Bereich „Verwaltung & Organisation“. Kurze Erklärung in einfacher Sprache.",
    "example_de": "Beispiel: Das Raumbelegung wird im Pfarrbüro erstellt.",
    "category": "Verwaltung & Organisation"
  },
  {
    "term_de": "Unfallmeldung",
    "definition_de": "Unfallmeldung: Begriff aus dem Bereich „Verwaltung & Organisation“. Kurze Erklärung in einfacher Sprache.",
    "example_de": "Beispiel: Das Unfallmeldung wird im Pfarrbüro erstellt.",
    "category": "Verwaltung & Organisation"
  },
  {
    "term_de": "Datenschutz",
    "definition_de": "Datenschutz: Begriff aus dem Bereich „Verwaltung & Organisation“. Kurze Erklärung in einfacher Sprache.",
    "example_de": "Beispiel: Das Datenschutz wird im Pfarrbüro erstellt.",
    "category": "Verwaltung & Organisation"
  },
  {
    "term_de": "Einwilligung",
    "definition_de": "Einwilligung: Begriff aus dem Bereich „Verwaltung & Organisation“. Kurze Erklärung in einfacher Sprache.",
    "example_de": "Beispiel: Das Einwilligung wird im Pfarrbüro erstellt.",
    "category": "Verwaltung & Organisation"
  },
  {
    "term_de": "Schriftverkehr",
    "definition_de": "Schriftverkehr: Begriff aus dem Bereich „Verwaltung & Organisation“. Kurze Erklärung in einfacher Sprache.",
    "example_de": "Beispiel: Das Schriftverkehr wird im Pfarrbüro erstellt.",
    "category": "Verwaltung & Organisation"
  },
  {
    "term_de": "Protokoll",
    "definition_de": "Protokoll: Begriff aus dem Bereich „Verwaltung & Organisation“. Kurze Erklärung in einfacher Sprache.",
    "example_de": "Beispiel: Das Protokoll wird im Pfarrbüro erstellt.",
    "category": "Verwaltung & Organisation"
  },
  {
    "term_de": "Sitzung",
    "definition_de": "Sitzung: Begriff aus dem Bereich „Verwaltung & Organisation“. Kurze Erklärung in einfacher Sprache.",
    "example_de": "Beispiel: Das Sitzung wird im Pfarrbüro erstellt.",
    "category": "Verwaltung & Organisation"
  },
  {
    "term_de": "Haushaltsplan",
    "definition_de": "Haushaltsplan: Begriff aus dem Bereich „Verwaltung & Organisation“. Kurze Erklärung in einfacher Sprache.",
    "example_de": "Beispiel: Das Haushaltsplan wird im Pfarrbüro erstellt.",
    "category": "Verwaltung & Organisation"
  },
  {
    "term_de": "Spendenquittung",
    "definition_de": "Spendenquittung: Begriff aus dem Bereich „Verwaltung & Organisation“. Kurze Erklärung in einfacher Sprache.",
    "example_de": "Beispiel: Das Spendenquittung wird im Pfarrbüro erstellt.",
    "category": "Verwaltung & Organisation"
  },
  {
    "term_de": "Reisekosten",
    "definition_de": "Reisekosten: Begriff aus dem Bereich „Verwaltung & Organisation“. Kurze Erklärung in einfacher Sprache.",
    "example_de": "Beispiel: Das Reisekosten wird im Pfarrbüro erstellt.",
    "category": "Verwaltung & Organisation"
  },
  {
    "term_de": "Inventarliste",
    "definition_de": "Inventarliste: Begriff aus dem Bereich „Verwaltung & Organisation“. Kurze Erklärung in einfacher Sprache.",
    "example_de": "Beispiel: Das Inventarliste wird im Pfarrbüro erstellt.",
    "category": "Verwaltung & Organisation"
  },
  {
    "term_de": "Schlüsselübergabe",
    "definition_de": "Schlüsselübergabe: Begriff aus dem Bereich „Verwaltung & Organisation“. Kurze Erklärung in einfacher Sprache.",
    "example_de": "Beispiel: Das Schlüsselübergabe wird im Pfarrbüro erstellt.",
    "category": "Verwaltung & Organisation"
  },
  {
    "term_de": "Ikone",
    "definition_de": "Ikone: Begriff aus dem Bereich „Frömmigkeit & Zeichen“. Kurze Erklärung in einfacher Sprache.",
    "example_de": "Beispiel: Viele Gläubige beten mit der Ikone.",
    "category": "Frömmigkeit & Zeichen"
  },
  {
    "term_de": "Reliquie",
    "definition_de": "Reliquie: Begriff aus dem Bereich „Frömmigkeit & Zeichen“. Kurze Erklärung in einfacher Sprache.",
    "example_de": "Beispiel: Viele Gläubige beten mit der Reliquie.",
    "category": "Frömmigkeit & Zeichen"
  },
  {
    "term_de": "Wallfahrtsbild",
    "definition_de": "Wallfahrtsbild: Begriff aus dem Bereich „Frömmigkeit & Zeichen“. Kurze Erklärung in einfacher Sprache.",
    "example_de": "Beispiel: Viele Gläubige beten mit der Wallfahrtsbild.",
    "category": "Frömmigkeit & Zeichen"
  },
  {
    "term_de": "Andachtsbild",
    "definition_de": "Andachtsbild: Begriff aus dem Bereich „Frömmigkeit & Zeichen“. Kurze Erklärung in einfacher Sprache.",
    "example_de": "Beispiel: Viele Gläubige beten mit der Andachtsbild.",
    "category": "Frömmigkeit & Zeichen"
  },
  {
    "term_de": "Kerzenständer",
    "definition_de": "Kerzenständer: Begriff aus dem Bereich „Frömmigkeit & Zeichen“. Kurze Erklärung in einfacher Sprache.",
    "example_de": "Beispiel: Viele Gläubige beten mit der Kerzenständer.",
    "category": "Frömmigkeit & Zeichen"
  },
  {
    "term_de": "Votivkerze",
    "definition_de": "Votivkerze: Begriff aus dem Bereich „Frömmigkeit & Zeichen“. Kurze Erklärung in einfacher Sprache.",
    "example_de": "Beispiel: Viele Gläubige beten mit der Votivkerze.",
    "category": "Frömmigkeit & Zeichen"
  },
  {
    "term_de": "Weihwasser",
    "definition_de": "Weihwasser: Begriff aus dem Bereich „Frömmigkeit & Zeichen“. Kurze Erklärung in einfacher Sprache.",
    "example_de": "Beispiel: Viele Gläubige beten mit der Weihwasser.",
    "category": "Frömmigkeit & Zeichen"
  },
  {
    "term_de": "Weihrauch",
    "definition_de": "Weihrauch: Begriff aus dem Bereich „Frömmigkeit & Zeichen“. Kurze Erklärung in einfacher Sprache.",
    "example_de": "Beispiel: Viele Gläubige beten mit der Weihrauch.",
    "category": "Frömmigkeit & Zeichen"
  },
  {
    "term_de": "Weihrauchkohle",
    "definition_de": "Weihrauchkohle: Begriff aus dem Bereich „Frömmigkeit & Zeichen“. Kurze Erklärung in einfacher Sprache.",
    "example_de": "Beispiel: Viele Gläubige beten mit der Weihrauchkohle.",
    "category": "Frömmigkeit & Zeichen"
  },
  {
    "term_de": "Weihrauchlöffel",
    "definition_de": "Weihrauchlöffel: Begriff aus dem Bereich „Frömmigkeit & Zeichen“. Kurze Erklärung in einfacher Sprache.",
    "example_de": "Beispiel: Viele Gläubige beten mit der Weihrauchlöffel.",
    "category": "Frömmigkeit & Zeichen"
  },
  {
    "term_de": "Kreuzzeichen",
    "definition_de": "Kreuzzeichen: Begriff aus dem Bereich „Frömmigkeit & Zeichen“. Kurze Erklärung in einfacher Sprache.",
    "example_de": "Beispiel: Viele Gläubige beten mit der Kreuzzeichen.",
    "category": "Frömmigkeit & Zeichen"
  },
  {
    "term_de": "Handauflegung",
    "definition_de": "Handauflegung: Begriff aus dem Bereich „Frömmigkeit & Zeichen“. Kurze Erklärung in einfacher Sprache.",
    "example_de": "Beispiel: Viele Gläubige beten mit der Handauflegung.",
    "category": "Frömmigkeit & Zeichen"
  },
  {
    "term_de": "Segen mit Monstranz",
    "definition_de": "Segen mit Monstranz: Begriff aus dem Bereich „Frömmigkeit & Zeichen“. Kurze Erklärung in einfacher Sprache.",
    "example_de": "Beispiel: Viele Gläubige beten mit der Segen mit Monstranz.",
    "category": "Frömmigkeit & Zeichen"
  },
  {
    "term_de": "Hände falten",
    "definition_de": "Hände falten: Begriff aus dem Bereich „Frömmigkeit & Zeichen“. Kurze Erklärung in einfacher Sprache.",
    "example_de": "Beispiel: Viele Gläubige beten mit der Hände falten.",
    "category": "Frömmigkeit & Zeichen"
  },
  {
    "term_de": "Knien",
    "definition_de": "Knien: Begriff aus dem Bereich „Frömmigkeit & Zeichen“. Kurze Erklärung in einfacher Sprache.",
    "example_de": "Beispiel: Viele Gläubige beten mit der Knien.",
    "category": "Frömmigkeit & Zeichen"
  },
  {
    "term_de": "Verneigung",
    "definition_de": "Verneigung: Begriff aus dem Bereich „Frömmigkeit & Zeichen“. Kurze Erklärung in einfacher Sprache.",
    "example_de": "Beispiel: Viele Gläubige beten mit der Verneigung.",
    "category": "Frömmigkeit & Zeichen"
  },
  {
    "term_de": "Schweigen",
    "definition_de": "Schweigen: Begriff aus dem Bereich „Frömmigkeit & Zeichen“. Kurze Erklärung in einfacher Sprache.",
    "example_de": "Beispiel: Viele Gläubige beten mit der Schweigen.",
    "category": "Frömmigkeit & Zeichen"
  },
  {
    "term_de": "Meditation",
    "definition_de": "Meditation: Begriff aus dem Bereich „Frömmigkeit & Zeichen“. Kurze Erklärung in einfacher Sprache.",
    "example_de": "Beispiel: Viele Gläubige beten mit der Meditation.",
    "category": "Frömmigkeit & Zeichen"
  },
  {
    "term_de": "Anbetungsstunde",
    "definition_de": "Anbetungsstunde: Begriff aus dem Bereich „Frömmigkeit & Zeichen“. Kurze Erklärung in einfacher Sprache.",
    "example_de": "Beispiel: Viele Gläubige beten mit der Anbetungsstunde.",
    "category": "Frömmigkeit & Zeichen"
  },
  {
    "term_de": "Novene",
    "definition_de": "Novene: Begriff aus dem Bereich „Frömmigkeit & Zeichen“. Kurze Erklärung in einfacher Sprache.",
    "example_de": "Beispiel: Viele Gläubige beten mit der Novene.",
    "category": "Frömmigkeit & Zeichen"
  },
  {
    "term_de": "Skapuliergebet",
    "definition_de": "Skapuliergebet: Begriff aus dem Bereich „Frömmigkeit & Zeichen“. Kurze Erklärung in einfacher Sprache.",
    "example_de": "Beispiel: Viele Gläubige beten mit der Skapuliergebet.",
    "category": "Frömmigkeit & Zeichen"
  },
  {
    "term_de": "Litanie",
    "definition_de": "Litanie: Begriff aus dem Bereich „Frömmigkeit & Zeichen“. Kurze Erklärung in einfacher Sprache.",
    "example_de": "Beispiel: Viele Gläubige beten mit der Litanie.",
    "category": "Frömmigkeit & Zeichen"
  },
  {
    "term_de": "Hausaltar",
    "definition_de": "Hausaltar: Begriff aus dem Bereich „Frömmigkeit & Zeichen“. Kurze Erklärung in einfacher Sprache.",
    "example_de": "Beispiel: Viele Gläubige beten mit der Hausaltar.",
    "category": "Frömmigkeit & Zeichen"
  },
  {
    "term_de": "Rosenkranzkette",
    "definition_de": "Rosenkranzkette: Begriff aus dem Bereich „Frömmigkeit & Zeichen“. Kurze Erklärung in einfacher Sprache.",
    "example_de": "Beispiel: Viele Gläubige beten mit der Rosenkranzkette.",
    "category": "Frömmigkeit & Zeichen"
  },
  {
    "term_de": "Pilgerausweis",
    "definition_de": "Pilgerausweis: Begriff aus dem Bereich „Frömmigkeit & Zeichen“. Kurze Erklärung in einfacher Sprache.",
    "example_de": "Beispiel: Viele Gläubige beten mit der Pilgerausweis.",
    "category": "Frömmigkeit & Zeichen"
  }
]